culture government,3
culture national identity,4
government trump,4
gun control background check,4
gun control bans,3
gun control legal,5
gun control national identity,8
gun control nra,3
gun control second ammendment (1),3
gun control second ammendment (2),3
guns ammunition,5
guns ar 15,5
guns assault weapons (1),6
guns assault weapons (2),5
guns sales,3
incident mass shooting (1),5
incident mass shooting (2),4
incident nyc,4
incident parkland (1),5
incident parkland (2),5
incident video,4
