0,firearm ammunition sale federal gun act report according use crime
1,officer police department incident county city say video enforcement call
2,ar 15 used semi buy store automatic shooter ammunition rifle
3,school student high shooting parkland florida medium dead left control
4,trump president white house read morning republican wednesday lawmaker support
5,nation action sign take support issue three policy program matter
6,say one like people think know could may would use
7,gun control violence shooting law owner show debate say crime
8,get news whether already read sign told life let say
9,weapon ban assault magazine used 2016 read bill mass use
10,video street 000 country want people show earlier world shooting
11,state law bill carry legislation republican would lawmaker measure house
12,nra company national association group member republican million political gun
13,com second amendment twitter news follow american bullet armed host
14,rifle automatic military round fire semi style assault magazine company
15,said told county official home authority two statement year according
16,new york city year morning old law time week company
17,background check sale system purchase gun record buy federal store
18,court federal case right law family amendment arm second state
19,shot man killed read shooting year police two old morning
