0,firearm ammunition sale federal gun act report according
1,officer police department incident county city say video
2,ar 15 used semi buy store automatic shooter
3,school student high shooting parkland florida medium dead
4,trump president white house read morning republican wednesday
5,nation action sign take support issue three policy
6,say one like people think know could may
7,gun control violence shooting law owner show debate
8,get news whether already read sign told life
9,weapon ban assault magazine used 2016 read bill
10,video street 000 country want people show earlier
11,state law bill carry legislation republican would lawmaker
12,nra company national association group member republican million
13,com second amendment twitter news follow american bullet
14,rifle automatic military round fire semi style assault
15,said told county official home authority two statement
16,new york city year morning old law time
17,background check sale system purchase gun record buy
18,court federal case right law family amendment arm
19,shot man killed read shooting year police two
